matriz,linhas,colunas,versao,trabalhadores,repeticao,tempo_ms,objetos,resultado_correto
matriz_grande,2000,2000,sequencial,1,1,35.624,8,true
matriz_grande,2000,2000,sequencial,1,2,53.854,8,true
matriz_grande,2000,2000,sequencial,1,3,53.472,8,true
matriz_grande,2000,2000,sequencial,1,4,52.304,8,true
matriz_grande,2000,2000,sequencial,1,5,52.110,8,true
matriz_grande,2000,2000,sequencial,1,6,52.403,8,true
matriz_grande,2000,2000,sequencial,1,7,52.645,8,true
matriz_grande,2000,2000,sequencial,1,8,49.801,8,true
matriz_grande,2000,2000,sequencial,1,9,52.890,8,true
matriz_grande,2000,2000,sequencial,1,10,53.128,8,true
matriz_grande,2000,2000,paralela,1,1,85.307,8,true
matriz_grande,2000,2000,paralela,1,2,90.210,8,true
matriz_grande,2000,2000,paralela,1,3,84.405,8,true
matriz_grande,2000,2000,paralela,1,4,83.496,8,true
matriz_grande,2000,2000,paralela,1,5,84.130,8,true
matriz_grande,2000,2000,paralela,1,6,85.369,8,true
matriz_grande,2000,2000,paralela,1,7,85.608,8,true
matriz_grande,2000,2000,paralela,1,8,84.827,8,true
matriz_grande,2000,2000,paralela,1,9,85.156,8,true
matriz_grande,2000,2000,paralela,1,10,87.660,8,true
matriz_grande,2000,2000,paralela,2,1,51.584,8,true
matriz_grande,2000,2000,paralela,2,2,48.570,8,true
matriz_grande,2000,2000,paralela,2,3,49.859,8,true
matriz_grande,2000,2000,paralela,2,4,47.654,8,true
matriz_grande,2000,2000,paralela,2,5,48.685,8,true
matriz_grande,2000,2000,paralela,2,6,48.045,8,true
matriz_grande,2000,2000,paralela,2,7,56.214,8,true
matriz_grande,2000,2000,paralela,2,8,50.440,8,true
matriz_grande,2000,2000,paralela,2,9,57.158,8,true
matriz_grande,2000,2000,paralela,2,10,50.014,8,true
matriz_grande,2000,2000,paralela,4,1,37.486,8,true
matriz_grande,2000,2000,paralela,4,2,37.438,8,true
matriz_grande,2000,2000,paralela,4,3,37.209,8,true
matriz_grande,2000,2000,paralela,4,4,37.214,8,true
matriz_grande,2000,2000,paralela,4,5,37.877,8,true
matriz_grande,2000,2000,paralela,4,6,39.073,8,true
matriz_grande,2000,2000,paralela,4,7,51.344,8,true
matriz_grande,2000,2000,paralela,4,8,38.655,8,true
matriz_grande,2000,2000,paralela,4,9,35.862,8,true
matriz_grande,2000,2000,paralela,4,10,42.212,8,true
matriz_grande,2000,2000,paralela,6,1,41.849,8,true
matriz_grande,2000,2000,paralela,6,2,29.956,8,true
matriz_grande,2000,2000,paralela,6,3,40.694,8,true
matriz_grande,2000,2000,paralela,6,4,37.903,8,true
matriz_grande,2000,2000,paralela,6,5,42.457,8,true
matriz_grande,2000,2000,paralela,6,6,42.755,8,true
matriz_grande,2000,2000,paralela,6,7,43.360,8,true
matriz_grande,2000,2000,paralela,6,8,31.155,8,true
matriz_grande,2000,2000,paralela,6,9,41.518,8,true
matriz_grande,2000,2000,paralela,6,10,29.779,8,true
matriz_grande,2000,2000,paralela,8,1,35.111,8,true
matriz_grande,2000,2000,paralela,8,2,31.654,8,true
matriz_grande,2000,2000,paralela,8,3,34.216,8,true
matriz_grande,2000,2000,paralela,8,4,31.891,8,true
matriz_grande,2000,2000,paralela,8,5,31.362,8,true
matriz_grande,2000,2000,paralela,8,6,30.650,8,true
matriz_grande,2000,2000,paralela,8,7,30.771,8,true
matriz_grande,2000,2000,paralela,8,8,30.942,8,true
matriz_grande,2000,2000,paralela,8,9,31.853,8,true
matriz_grande,2000,2000,paralela,8,10,28.048,8,true
matriz_grande,2000,2000,paralela,12,1,21.063,8,true
matriz_grande,2000,2000,paralela,12,2,21.358,8,true
matriz_grande,2000,2000,paralela,12,3,23.250,8,true
matriz_grande,2000,2000,paralela,12,4,24.883,8,true
matriz_grande,2000,2000,paralela,12,5,20.183,8,true
matriz_grande,2000,2000,paralela,12,6,19.508,8,true
matriz_grande,2000,2000,paralela,12,7,19.783,8,true
matriz_grande,2000,2000,paralela,12,8,19.458,8,true
matriz_grande,2000,2000,paralela,12,9,22.557,8,true
matriz_grande,2000,2000,paralela,12,10,25.229,8,true
